Blade Position,Pressure,Temperature,RPM,Efficiency,Velocity,Inlet Pressure,Mass Flow Rate,Energy Loss Due to Friction,Energy Loss Due to Heat,Energy Loss Due to Leakage,Cumulative Efficiency Gain,Cumulative Energy Loss,Compressor Stage
0,104.9671415,517.889368,3000,78.50872877,307.0395602,95.19713679,10.79816228,8.046791391,3.168948822,2.676446063,78.50872877,13.89218628,Low
0.005025126,98.61735699,528.0392263,2000,80.15220757,307.5826652,95.71964919,20.87550569,5.809192831,3.361390762,1.096990528,158.6609363,24.1597604,Low
0.010050251,106.4768854,554.1525622,4000,74.84819465,349.3919173,101.0264342,13.25773247,9.029801788,3.033442188,1.62809836,233.509131,37.85110273,Low
0.015075377,115.2302986,552.6901026,3500,72.29673649,269.7873191,84.1980127,15.80678005,6.73524515,2.190193805,2.96247414,305.8058675,49.73901583,Low
0.020100503,97.65846625,431.1165316,2000,82.21240085,280.2830005,106.96107,13.12306418,11.94951089,3.260087971,2.430031191,388.0182683,67.37864588,Low
0.025125628,97.65863043,453.108748,4000,75.77261106,271.8793295,96.7090434,16.28853632,8.460997265,3.755541208,0.567918553,463.7908794,80.16310291,Low
0.030150754,115.7921282,525.7517634,4000,81.62476443,249.9066248,97.13264437,15.55313831,14.75610201,4.493291663,0.663011478,545.4156438,100.0755081,Low
0.035175879,107.6743473,525.6892975,3000,73.08725431,352.940608,91.78896194,13.69857293,11.40972077,3.545165416,1.659828442,618.5028981,116.6902227,Low
0.040201005,95.30525614,525.7523843,4000,79.62280204,262.7549631,99.30417884,17.14617469,13.22480564,4.044486148,2.773050515,698.1257002,136.732565,Low
0.045226131,105.4256004,692.6365745,4000,80.65178865,275.5108377,95.3836324,14.67207824,6.325246727,1.64028654,1.846754495,778.7774888,146.5448527,Low
0.050251256,95.36582307,528.5445255,4000,71.03647074,339.4729952,104.6718556,16.09443188,13.62014482,2.846229898,1.74453127,849.8139596,164.7557587,Low
0.055276382,95.34270246,556.778282,4000,76.73208556,247.4067886,83.46804602,13.16568039,14.22757191,1.037326479,0.76368425,926.5460451,180.7843414,Low
0.060301508,102.4196227,547.7000882,2500,72.68829354,322.6905471,96.40436664,14.93822473,9.870619188,1.986715458,2.141950262,999.2343387,194.7836263,Low
0.065326633,80.86719755,532.5695626,2500,71.26749941,257.6092696,98.26809879,19.00681453,11.06252938,3.90584686,2.555257902,1070.501838,212.3072604,Low
0.070351759,82.75082167,484.2365378,3000,89.79920465,337.4008421,93.50902085,16.92593106,12.64809801,4.967239805,1.451050019,1160.301043,231.3736483,Low
0.075376884,94.37712471,537.948461,2000,76.4470769,234.9036694,91.76267341,15.61524151,6.748386273,1.396712398,2.439029627,1236.74812,241.9577766,Low
0.08040201,89.8716888,461.3587393,4000,86.19748892,247.3959175,92.09634177,14.10215834,10.02566076,2.605977263,2.911191635,1322.945609,257.5006062,Low
0.085427136,103.1424733,488.1590697,2000,75.0928131,283.652333,96.39711415,15.13499707,8.986630278,4.200283875,1.009416148,1398.038422,271.6969365,Low
0.090452261,90.91975924,475.7318226,2000,83.63005444,329.1546807,80.52032879,15.39513198,6.463739922,1.816142539,1.808324078,1481.668476,281.7851431,Low
0.095477387,85.87696299,504.093707,3000,85.2045572,299.0712525,102.7201197,15.89845687,8.675344223,3.220339797,1.217844895,1566.873033,294.898672,Low
0.100502513,114.6564877,615.7329283,4000,81.91277481,289.9285478,91.15894506,12.84667898,5.681723094,3.932285184,2.482136048,1648.785808,306.9948163,Low
0.105527638,97.742237,406.6367404,4000,79.43152377,340.3813262,96.02242158,16.33681592,5.258119069,3.463941801,1.943983415,1728.217332,317.6608606,Low
0.110552764,100.675282,534.3130095,3500,78.23681828,364.6571862,97.93681813,12.8208138,6.351662892,1.752098938,2.086456044,1806.45415,327.8510785,Low
0.115577889,85.75251814,419.3642064,2000,76.97736533,320.1677185,90.7935569,18.2622517,14.63115112,2.421538275,2.494785399,1883.431515,347.3985532,Low
0.120603015,94.55617275,476.4034067,2000,88.59058288,281.3143649,93.95169274,13.45674336,10.49529536,4.135167138,1.489926182,1972.022098,363.5189419,Low
0.125628141,101.1092259,554.4475298,2500,86.61238816,287.455709,78.71807807,15.59325664,14.65822161,3.216906057,2.787725171,2058.634487,384.1817948,Low
0.130653266,88.49006423,503.214001,3500,89.30053821,261.3465786,100.8569889,17.01028515,9.324978783,1.020918454,1.832572168,2147.935025,396.3602642,Low
0.135678392,103.7569802,446.1127611,2500,72.48594447,303.0245227,103.640552,14.49523991,8.118161331,4.04396304,0.894887057,2220.420969,409.4172756,Low
0.140703518,93.9936131,464.2348145,2500,84.6173495,251.1122104,81.39205158,15.68120004,10.06141863,1.14124542,2.239747795,2305.038319,422.8596874,Low
0.145728643,97.0830625,533.9798874,2500,88.76680914,316.5559097,91.74805699,17.8703631,9.395116886,3.982935131,2.483153376,2393.805128,438.7208928,Low
0.150753769,93.98293388,463.4816684,3000,73.62466132,360.1672214,85.16104497,16.12880598,6.056646843,1.809922241,1.291904193,2467.429789,447.8793661,Low
0.155778894,118.5227818,510.8229295,3000,71.32992535,321.5277474,93.57807743,15.71110126,11.40826315,4.83229392,2.642948142,2538.759715,466.7628713,Low
0.16080402,99.86502775,502.278592,2500,84.82241299,285.9255684,100.1890907,11.63042921,7.160381825,2.471763005,2.765358137,2623.582127,479.1603743,Low
0.165829146,89.42289071,467.4199826,3500,81.48946226,315.8081224,102.8984712,13.13255549,11.19587955,2.307726465,1.192261218,2705.07159,493.8562415,Low
0.170854271,108.2254491,607.1972045,2000,86.83657554,348.6160034,103.9748255,17.09384026,11.50201092,1.595552201,2.958803682,2791.908165,509.9126083,Low
0.175879397,87.7915635,531.6959511,3500,72.79544753,347.1148391,105.4843506,16.13990061,6.520248531,2.222416862,0.85177882,2864.703613,519.5070525,Low
0.180904523,102.088636,398.7428707,4000,85.90534624,269.8872633,93.22069777,16.44293255,5.613496271,4.506603047,1.005039171,2950.608959,530.632191,Low
0.185929648,80.40329876,509.3227157,3000,74.0325464,315.3088917,85.82433097,16.27079386,12.80761586,4.985337351,0.960562098,3024.641505,549.3857063,Low
0.190954774,86.71813951,466.9106768,2000,73.27311886,295.2569553,94.0832776,17.57951306,9.598004238,2.473238122,2.734974275,3097.914624,564.191923,Low
0.195979899,101.9686124,542.6216667,2000,73.28531596,324.1977974,100.06614,14.47720015,5.581637955,2.794442524,2.135731381,3171.19994,574.7037348,Low
0.201005025,107.3846658,460.3739631,4000,86.2914944,311.5084186,85.18192175,15.24099992,14.94866317,3.888283753,0.880260708,3257.491435,594.4209425,Low
0.206030151,101.7136828,494.2631779,4000,83.30394441,228.9083577,108.2810956,12.94265133,5.57780561,4.544783122,1.600808546,3340.795379,606.1443397,Low
0.211055276,98.84351718,525.2493639,2500,80.4613085,289.5596074,102.1831083,12.44395483,11.95035229,3.372177337,2.038245063,3421.256688,623.5051144,Low
0.216080402,96.98896304,543.2877597,3000,77.17660968,305.9567509,93.34746265,11.71251857,14.83678925,2.566102793,0.708660212,3498.433297,641.6166667,Low
0.221105528,85.2147801,439.9851796,3000,87.54401082,256.969051,89.31302456,13.229673,7.391801042,2.650487363,2.706040921,3585.977308,654.364996,Low
0.226130653,92.80155792,483.2749382,3500,77.84890215,317.4306603,89.64703135,18.10512363,6.422493687,3.782472586,2.509008839,3663.82621,667.0789711,Low
0.231155779,95.39361229,476.2527344,2500,86.33198879,254.2795427,95.59364971,11.89454586,6.213849394,1.012873054,1.763016934,3750.158199,676.0687105,Low
0.236180905,110.5712223,467.3335384,2500,78.78269817,276.0468286,93.16477918,14.39292803,8.032751476,3.47835735,2.917816538,3828.940897,690.4976359,Low
0.24120603,103.4361829,588.272712,2500,77.53888859,340.2393576,102.604022,12.41370935,6.01045811,2.421972042,1.544402448,3906.479786,700.4744685,Low
0.246231156,82.36959845,520.2490855,2500,79.25359571,273.4866663,92.25619337,13.79805207,11.92161342,4.176789325,2.960275798,3985.733382,719.533147,Low
0.251256281,103.2408397,436.9558023,3000,76.02755748,317.2190088,99.04401448,15.33938758,5.622917981,1.371962559,2.169799997,4061.760939,728.6978275,Low
0.256281407,96.1491772,545.8930974,3000,84.9521876,247.3927885,94.76860093,13.59976825,10.09422128,3.352809068,2.086678183,4146.713127,744.2315361,Low
0.261306533,93.23078,606.1078099,2500,80.0544078,362.4394397,97.15735486,17.17932973,14.96696854,2.92389156,0.914887238,4226.767534,763.0372834,Low
0.266331658,106.1167629,551.623263,3500,74.6442539,290.8633908,93.15954852,18.06795624,13.1397027,3.569302104,2.704819396,4301.411788,782.4511076,Low
0.271356784,110.3099952,424.0315017,2000,87.99149147,302.8596242,100.6617243,10.50180854,11.15219438,1.259414378,1.56872422,4389.40328,796.4314406,Low
0.27638191,109.3128012,475.7882964,2000,77.67782443,305.3711039,100.7803206,13.63401534,8.062536208,3.31993515,0.905583514,4467.081104,808.7194955,Low
0.281407035,91.60782477,563.3455575,3500,80.87105722,318.2270059,98.67943221,15.11828424,11.23895836,3.245938352,0.5315188,4547.952161,823.735911,Low
0.286432161,96.90787624,464.6165267,2500,88.12944222,254.4246005,99.86011462,17.25223405,10.27041464,3.242640378,1.899389209,4636.081604,839.1483552,Low
0.291457286,103.3126343,522.1909714,3000,82.48475992,299.8399059,87.44504978,14.09151145,9.260833839,3.413950666,1.818499055,4718.566364,853.6416388,Low
0.296482412,109.7554513,538.7317027,2000,72.33796081,280.2369352,97.5859661,14.96012921,6.307103767,3.705871749,2.298384056,4790.904324,865.9529983,Low
0.301507538,95.20825762,453.6534764,4000,88.79664247,249.3132832,104.9936141,12.68651155,13.86604215,4.219955999,2.725645133,4879.700967,886.7646416,Low
0.306532663,98.14341023,497.0237322,4000,82.55416106,329.613666,98.93123654,11.9344083,9.497846488,2.079282881,0.698516462,4962.255128,899.0402875,Low
0.311557789,88.93665026,337.936633,3500,76.69811229,289.4348105,86.75425998,17.89076938,6.946225118,4.300197641,2.328741226,5038.95324,912.6154514,Low
0.316582915,88.03793376,448.7806179,2500,72.78544145,307.2756128,94.60186792,11.35186025,8.677593509,2.993022729,0.96852986,5111.738682,925.2545975,Low
0.32160804,108.1252582,487.3715924,2000,85.88050379,305.3953626,97.99982351,19.65723802,9.141297525,1.308233117,2.645442633,5197.619185,938.3495708,Low
0.326633166,113.5624003,437.6108409,2500,82.40145512,289.9544318,88.94080386,16.4503028,13.27537896,1.234203717,2.547658785,5280.020641,955.4068123,Low
0.331658291,99.27989878,581.6205652,2000,80.66922184,359.2508206,84.13383043,16.35994615,12.33614381,2.336953275,1.851984387,5360.689862,971.9318937,Low
0.336683417,110.035329,428.4929311,3500,87.87785166,298.5820604,92.47121705,16.15093733,12.69304894,4.139587908,2.275606997,5448.567714,991.0401376,Medium
0.341708543,103.6163603,477.9977757,3500,85.77194422,253.2614305,89.07334074,14.49462862,5.110312644,3.830723739,1.285875283,5534.339658,1001.267049,Medium
0.346733668,93.54880245,506.5370289,4000,73.03349759,287.9885592,94.88568775,15.78416906,9.161539982,4.154459859,1.677919747,5607.373156,1016.260969,Medium
0.351758794,103.6139561,572.0636645,2500,76.23444136,314.9921286,82.26876282,14.62220662,9.813441516,3.069076226,2.554092244,5683.607597,1031.697579,Medium
0.35678392,115.3803657,428.2068924,4000,74.9697828,315.9778533,99.5176085,16.10614655,5.191922768,2.760795992,1.648162993,5758.57738,1041.298461,Medium
0.361809045,99.64173961,558.1581876,2500,84.87892585,267.3665719,89.92315972,14.93262695,7.598132087,1.589810107,1.394495663,5843.456306,1051.880898,Medium
0.366834171,115.6464366,500.5116531,4000,70.67064869,327.8844752,102.9660179,13.09930363,12.60289823,2.312771014,1.735531118,5914.126955,1068.532099,Medium
0.371859296,73.80254896,450.9245674,3000,81.3977937,247.1139921,92.78480928,13.25885477,6.371097057,2.736077465,2.570623131,5995.524748,1080.209896,Medium
0.376884422,108.219025,523.1051737,3000,85.24917371,334.3240561,94.79688763,13.03145525,10.35310131,1.354401719,1.338020118,6080.773922,1093.25542,Medium
0.381909548,100.8704707,509.9529848,3000,87.53531274,260.4195633,93.61572097,16.94180146,7.15201872,1.882447811,0.934403983,6168.309235,1103.22429,Medium
0.386934673,97.0099265,469.9891561,3000,76.84163497,293.2126434,89.49472248,13.76510678,5.121207746,3.392901176,2.280035051,6245.15087,1114.018434,Medium
0.391959799,100.9176078,503.4901042,2000,86.42514609,331.9370603,114.7782357,11.17579368,7.412014576,3.942652457,2.564945532,6331.576016,1127.938047,Medium
0.396984925,80.12431085,480.7343202,3000,72.21263474,303.5881701,91.03307058,15.79367733,14.75873755,4.993390046,0.751593696,6403.788651,1148.441768,Medium
0.40201005,97.80328112,505.6758673,3500,86.92904583,324.5009555,103.1881722,18.02903513,13.01537112,4.732453325,1.099685282,6490.717696,1167.289278,Medium
0.407035176,103.5711257,533.1065337,3500,72.54977325,318.5598588,86.25096843,16.54616638,14.59576644,3.570260798,0.854929974,6563.26747,1186.310235,Medium
0.412060302,114.7789404,579.3008408,2000,77.94574581,338.5880584,97.97705113,13.79335287,9.878540439,2.684992213,1.369853529,6641.213215,1200.243621,Medium
0.417085427,94.81729782,438.1092251,3000,85.94590732,331.8662955,98.83097731,11.82637657,6.097361987,3.544709459,1.625877447,6727.159123,1211.51157,Medium
0.422110553,91.91506397,606.6516687,3000,72.99834855,286.3876707,94.80658418,14.73146379,10.47959489,4.142606472,2.372065842,6800.157471,1228.505837,Medium
0.427135678,94.98242956,402.39561,3000,74.5850279,318.988249,90.43196224,14.68155224,9.543773346,1.473344764,2.127868962,6874.742499,1241.650824,Medium
0.432160804,109.1540212,492.4107452,4000,84.44505137,254.2034441,92.89342478,13.06160078,13.44357083,2.639619559,2.052321419,6959.187551,1259.786336,Medium
0.43718593,103.2875111,529.4158603,2500,84.40073073,298.2628528,91.77368398,16.1020746,5.980825808,4.359209143,1.380937367,7043.588281,1271.507308,Medium
0.442211055,94.70239796,514.0495934,4000,82.82295266,324.554542,114.2162103,18.693253,9.88241137,2.535331808,2.603618883,7126.411234,1286.52867,Medium
0.447236181,105.1326743,468.865024,2500,83.87896889,304.0154296,94.81917528,15.44456543,6.500486647,3.287489085,1.678217918,7210.290203,1297.994864,Medium
0.452261307,100.9707755,489.5938875,3000,80.85448887,313.3991919,99.19911023,15.32095241,8.246759269,3.351077443,2.947762345,7291.144692,1312.540463,Medium
0.457286432,109.6864499,475.3499533,3000,75.03598118,293.6018287,109.2530007,13.1255439,12.37357077,1.737905013,2.085355346,7366.180673,1328.737294,Medium
0.462311558,92.97946906,470.5317622,4000,76.91391987,333.8720831,87.98945066,17.79482941,9.760181294,2.448941767,0.815661854,7443.094593,1341.762079,Medium
0.467336683,96.72337853,542.4801049,4000,73.63195434,297.5875268,95.30128187,14.84971167,8.758882851,2.338045155,2.190443905,7516.726547,1355.049451,Medium
0.472361809,96.07891847,517.8507743,2500,88.16901123,286.0364945,92.84651095,13.84207349,8.944762786,1.104786834,1.312760039,7604.895558,1366.411761,Medium
0.477386935,85.36485052,465.3545202,3500,81.6678359,326.5955224,94.31089244,15.12737679,9.594467684,1.096767056,2.215817992,7686.563394,1379.318813,Medium
0.48241206,102.9612028,544.9799938,2500,78.01702834,257.8452023,93.56790426,15.94392267,12.85016544,4.326788175,0.67410287,7764.580423,1397.16987,Medium
0.487437186,102.6105527,515.364976,4000,79.24011607,315.0310003,89.14498331,15.27843082,13.92084689,2.09228324,0.937203593,7843.820539,1414.120204,Medium
0.492462312,100.0511346,540.6431059,4000,88.94566679,268.7254538,96.56328228,17.41230679,14.55334687,3.072315065,2.639343147,7932.766205,1434.385209,Medium
0.497487437,97.65412867,531.4814421,2000,73.06702806,338.3378049,86.49893778,15.76794311,12.86903386,2.194902294,1.067948893,8005.833233,1450.517094,Medium
0.502512563,85.84629258,458.5502495,4000,81.72459664,292.1691824,102.9110619,14.43211638,8.154068957,4.76271698,2.592602813,8087.55783,1466.026483,Medium
0.507537688,95.79354677,471.990948,2000,80.11777358,304.0495416,99.98647845,15.80238443,11.88134706,2.037187035,1.198190221,8167.675604,1481.143207,Medium
0.512562814,96.57285483,537.3646803,3500,82.22908471,312.3771119,91.05229747,15.9992742,9.376031241,2.718627251,2.107204775,8249.904688,1495.34507,Medium
0.51758794,91.97722731,530.5185133,2500,70.36220368,242.1094621,91.44013343,12.40724816,7.54670622,4.490921002,2.235376434,8320.266892,1509.618074,Medium
0.522613065,98.38714288,498.9549203,2500,87.44247818,280.4824548,97.2040845,17.29883946,13.40871579,4.367734267,1.781636883,8407.70937,1529.176161,Medium
0.527638191,104.0405086,505.8663692,2000,88.64236565,331.3063773,88.61163748,14.39819196,5.38426349,1.744405671,1.263276692,8496.351736,1537.568107,Medium
0.532663317,118.861859,563.8832448,2500,81.30266367,326.0329507,109.495841,14.44935355,14.01761992,4.210573239,1.031610941,8577.6544,1556.827911,Medium
0.537688442,101.7457781,470.4214306,4000,83.93301648,308.4909662,97.86340583,16.50275197,9.614774646,2.832747547,0.582973386,8661.587416,1569.858406,Medium
0.542713568,102.5755039,527.3548691,3000,88.44998762,259.5160929,98.14610521,16.49433045,11.37201477,2.931875488,1.259866003,8750.037404,1585.422163,Medium
0.547738693,99.25554084,489.8903674,2000,84.14477269,317.5651038,100.4515606,13.59833664,11.59353922,1.53391989,2.132906976,8834.182176,1600.682529,Medium
0.552763819,80.81228785,489.1159398,2500,73.05078086,321.4019877,90.36429381,16.60580324,13.95117741,1.322406055,2.845762046,8907.232957,1618.801874,Medium
0.557788945,99.73486125,554.9388426,2000,81.5257672,301.4105164,103.7120799,13.8791037,11.36669682,3.911757228,2.678011206,8988.758724,1636.758339,Medium
0.56281407,100.6023021,541.2708174,2000,82.13430093,336.6951285,95.91626693,18.63914609,11.13933585,2.985844609,2.415161941,9070.893025,1653.298682,Medium
0.567839196,124.6324211,540.6754818,3000,78.48261343,279.4970463,102.6011638,13.34361204,5.666520406,2.74740281,2.471118358,9149.375639,1664.183723,Medium
0.572864322,98.07639035,565.2739404,4000,84.72888471,284.7042727,93.41637499,15.47895492,10.18408022,3.918032915,2.162462259,9234.104523,1680.448299,Medium
0.577889447,103.0154734,501.0501921,2000,88.6873403,225.4616526,105.5382258,13.43596473,6.501690008,4.062051596,1.150717144,9322.791864,1692.162757,Medium
0.582914573,99.6528823,534.0976486,2500,88.51137026,327.5948253,98.21074902,19.44539126,12.37433769,1.635632671,2.767987577,9411.303234,1708.940715,Medium
0.587939698,88.31321962,484.4866622,3500,79.01678743,309.4158589,112.4600562,12.52435811,10.12221921,3.440900598,2.17683078,9490.320021,1724.680666,Medium
0.592964824,111.4282281,516.2083176,2000,72.26476092,249.5453902,92.04382707,16.04872549,11.80227779,1.541416329,1.901101577,9562.584782,1739.925462,Medium
0.59798995,107.5193303,493.4928473,2000,89.69682398,247.24203,96.63639517,13.53017917,5.416729006,4.005500344,0.777473673,9652.281606,1750.125165,Medium
0.603015075,107.9103195,504.8497982,3000,86.77796173,273.8210812,86.74739003,14.29178472,5.84792016,3.627820625,1.61763886,9739.059568,1761.218544,Medium
0.608040201,90.90612545,529.7578513,4000,72.49325362,323.8097383,90.7656141,15.90707567,12.16323388,4.826458484,1.650895678,9811.552822,1779.859132,Medium
0.613065327,114.0279431,459.0889658,3500,88.41683765,290.9891854,99.94949238,17.44916888,5.72084336,1.275832065,2.661409024,9899.969659,1789.517217,Medium
0.618090452,85.98148937,604.6193638,2500,87.39792724,275.8563925,104.0345955,18.24679312,5.712567278,1.228218885,1.86662055,9987.367587,1798.324624,Medium
0.623115578,105.8685709,449.6991309,3500,80.37676114,269.8165232,118.7200828,11.92610408,5.121084752,2.128748299,1.451001372,10067.74435,1807.025458,Medium
0.628140704,121.9045563,439.2905694,2500,81.82550871,268.4726413,94.22696875,15.53550245,14.56501398,2.046822735,2.942000821,10149.56986,1826.579296,Medium
0.633165829,90.09463675,557.9055437,4000,77.98005408,241.989651,87.53429274,17.91898721,12.37508359,1.987915196,0.776801483,10227.54991,1841.719096,Medium
0.638190955,94.3370227,539.5831347,2500,71.09523278,263.7781251,101.0266061,11.62937812,8.532514085,4.625018322,1.556371071,10298.64514,1856.432999,Medium
0.64321608,100.9965137,531.2059909,3000,76.70394483,267.8826576,85.97738224,15.62876699,7.965355813,1.998184799,0.605061688,10375.34909,1867.001602,Medium
0.648241206,94.96524346,531.4172755,3000,86.05706897,320.4786971,99.5142191,14.99583241,8.497032297,2.087798905,2.349760302,10461.40616,1879.936193,Medium
0.653266332,84.49336569,499.3876614,3000,70.09264046,295.0283084,90.98195427,15.82908363,12.74653531,4.03759305,2.79519138,10531.4988,1899.515513,Medium
0.658291457,100.6856297,455.1372814,3000,76.66998343,275.2324547,96.69275976,13.45539195,11.61370611,2.79895937,1.200093324,10608.16878,1915.128272,Medium
0.663316583,89.37696286,503.7902279,3500,77.96337387,369.2916827,103.7283688,12.12876234,6.851955679,4.106842228,2.645854192,10686.13215,1928.732924,Medium
0.668341709,104.7359243,466.1419144,4000,80.74791206,280.0830926,94.11413257,11.17378715,6.741093353,1.26146463,1.230545576,10766.88007,1937.966027,High
0.673366834,90.80575766,548.7559867,2500,88.39711233,335.0130874,102.4630327,16.95276791,5.983956497,2.950284775,2.776925404,10855.27718,1949.677194,High
0.67839196,115.4993441,492.6471309,2500,76.92691989,348.6332567,101.9852684,17.20809827,11.6030272,1.134454401,2.384904759,10932.2041,1964.79958,High
0.683417085,92.16746708,458.7251402,3000,76.93906404,252.9011899,80.08534777,15.6053707,12.64372662,1.250612814,2.512266942,11009.14316,1981.206187,High
0.688442211,96.77938484,483.9307079,3000,84.75002496,302.2188889,87.78719403,13.9317033,7.650464283,4.625749813,0.545016389,11093.89319,1994.027417,High
0.693467337,108.1351722,520.6465727,2000,79.04435882,284.4739905,82.50554511,11.75390821,5.20944961,1.556981484,2.907025893,11172.93755,2003.700874,High
0.698492462,87.69135684,471.8137724,4000,74.49209646,282.0322681,111.0138968,16.12669093,5.821716675,3.129682729,2.31667748,11247.42964,2014.968951,High
0.703517588,102.2745993,458.8889802,3500,79.04879032,316.6613045,94.1568646,12.79844143,14.67860035,2.64438241,1.261877738,11326.47843,2033.553812,High
0.708542714,113.0714275,512.1843606,2500,72.81714041,281.3138851,109.2466337,13.57740275,7.954447775,2.389373305,2.573486662,11399.29557,2046.471119,High
0.713567839,83.92516765,512.2483286,2000,73.52773973,285.1209286,81.93638176,13.82687184,12.69223148,4.599333383,1.203802996,11472.82331,2064.966487,High
0.718592965,101.8463386,474.6528412,2000,79.96735545,294.9565531,90.4178526,14.60492955,11.24663569,1.087293587,2.681884599,11552.79067,2079.982301,High
0.72361809,102.5988279,476.4480847,2500,78.37850899,288.7980219,101.4039859,13.48191911,8.819396397,3.655158745,0.781450976,11631.16918,2093.238307,High
0.728643216,107.8182287,511.6024969,3500,88.29691802,264.7928938,96.43419684,15.06691754,7.056872622,4.853577737,2.259214944,11719.4661,2107.407972,High
0.733668342,87.63049289,427.5957829,2000,77.24787798,323.8771951,99.26287914,13.7563634,6.213864182,3.240672734,1.851746192,11796.71397,2118.714256,High
0.738693467,86.79543387,429.6268113,2000,81.61176701,331.4559282,84.96953413,16.40274613,11.15012968,4.747289848,0.741336175,11878.32574,2135.353011,High
0.743718593,105.2194157,464.0777889,4000,82.64528576,310.3085577,106.0144279,17.06212583,12.74633781,1.209031517,1.104734571,11960.97103,2150.413115,High
0.748743719,102.9698467,489.3276424,3500,70.26188913,288.7034205,101.2161288,15.21708535,11.43904254,2.675173276,0.531010091,12031.23292,2165.058341,High
0.753768844,102.5049285,515.5453783,2000,83.27074744,278.8436779,98.21300404,15.92525267,10.30302133,2.040631164,1.671919914,12114.50366,2179.073913,High
0.75879397,103.4644821,573.7678108,3500,73.56071934,278.8913981,89.51511775,19.2357119,5.419512234,3.92328386,1.253163152,12188.06438,2189.669873,High
0.763819095,93.19975278,542.8829812,2500,89.22140635,370.721291,97.59040102,12.65479349,14.68488778,4.925188362,1.995893711,12277.28579,2211.275843,High
0.768844221,102.322537,492.0030735,3000,72.97325456,328.135149,92.66808017,12.5330638,12.98714192,2.02612025,1.243094519,12350.25904,2227.532199,High
0.773869347,102.9307247,499.0491896,2000,78.29248247,274.7966976,81.79607032,16.3899958,7.928220367,3.616698406,1.249797779,12428.55153,2240.326916,High
0.778894472,92.85648582,449.8735318,4000,71.70699336,304.9409348,94.59661719,18.89308568,14.79970329,1.792390531,2.357982997,12500.25852,2259.276993,High
0.783919598,118.6577451,499.0743432,2500,89.93748504,289.1239492,93.74615681,14.47900288,11.0188159,3.261321018,0.62035709,12590.196,2274.177487,High
0.788944724,104.7383292,485.5670681,3500,80.04390021,317.5140113,103.4992121,18.45366768,10.82422658,2.855729947,2.757237488,12670.23991,2290.614681,High
0.793969849,88.08696503,516.135928,2500,81.90770035,316.3049731,77.12458846,15.19286744,12.48073179,4.888021319,2.630659686,12752.14761,2310.614093,High
0.798994975,106.5655361,458.6384528,2000,71.34152955,332.5082896,96.88159863,13.63822544,13.11769788,3.434109091,2.169511708,12823.48913,2329.335412,High
0.804020101,90.2531833,525.9673257,3500,84.99920941,274.4833062,85.75545562,13.01861522,11.56478607,2.398025488,1.983053925,12908.48834,2345.281278,High
0.809045226,107.870846,576.6369457,3000,74.19811186,303.142059,97.55378674,16.25882717,6.280957464,1.45638314,2.730756245,12982.68646,2355.749374,High
0.814070352,111.5859558,494.5619926,2500,87.96108579,247.5435905,97.99424044,13.17008186,8.38267506,1.604987315,0.963325449,13070.64754,2366.700362,High
0.819095477,91.79317682,520.0855861,2000,74.10279281,262.279791,94.30524178,15.16255369,14.2808364,1.90126772,0.697422905,13144.75033,2383.579889,High
0.824120603,109.6337613,534.5071996,4000,73.81375441,326.5230251,101.458345,18.16693005,7.246156118,2.003866645,1.098775425,13218.56409,2393.928688,High
0.829145729,104.1278093,479.9389764,3500,70.73099336,271.4794863,85.03387153,14.38643921,8.721670238,4.402464231,2.486445697,13289.29508,2409.539268,High
0.834170854,108.2206016,511.2046241,2500,79.4413389,274.7727361,103.8617636,17.62801895,9.320768829,3.244891153,0.586675667,13368.73642,2422.691603,High
0.83919598,118.9679298,500.62962,2500,81.29682267,299.7516578,89.33536907,12.57091302,9.394049897,3.093563645,1.957017088,13450.03324,2437.136234,High
0.844221106,97.54611884,504.8838049,3000,71.31417279,320.8428309,82.5528108,13.9321818,11.12939582,1.459075487,2.98859379,13521.34742,2452.713299,High
0.849246231,92.46263836,461.3495108,3000,85.51055233,268.1751961,92.82083224,12.18571195,14.43075838,4.440558773,2.639240235,13606.85797,2474.223856,High
0.854271357,91.1048557,501.2255087,4000,79.06577669,195.5757351,78.23873982,15.14599351,7.406927118,3.891257213,1.803614223,13685.92375,2487.325655,High
0.859296482,91.84189715,524.8999146,4000,80.48780539,273.8933027,97.03339114,16.56015636,6.215013763,1.270673448,0.659102273,13766.41155,2495.470444,High
0.864321608,99.22898291,572.5571804,2000,78.81525494,336.1688423,92.92599646,15.15037418,6.974704899,3.831340389,2.578433786,13845.22681,2508.854924,High
0.869346734,103.4115197,547.9635413,2000,78.01526122,310.2940515,104.8694954,17.45410012,13.869249,3.174152869,1.99744627,13923.24207,2527.895772,High
0.874371859,102.766908,607.6591229,4000,81.19280663,339.7162441,100.1913937,13.50164152,11.45810813,1.326901383,0.787332493,14004.43487,2541.468114,High
0.879396985,108.2718325,461.6326219,4000,73.10480492,266.0455157,83.8640293,15.45068551,7.859067892,2.833202566,0.734643212,14077.53968,2552.895027,High
0.884422111,100.1300189,543.6160318,3500,73.63856261,250.818112,88.29290007,13.94506135,13.15946939,2.938785149,2.774067049,14151.17824,2571.767349,High
0.889447236,114.5353408,509.1671003,3000,87.23571242,313.8764566,99.16531536,15.72335317,13.61369996,1.663098161,2.173000657,14238.41395,2589.217148,High
0.894472362,97.35343167,609.4901467,2000,88.92230924,307.2006821,101.7766321,16.00747209,13.46514339,4.782792588,2.573216998,14327.33626,2610.038301,High
0.899497487,127.2016917,459.5850857,3000,77.46618633,309.1666296,104.7800073,16.16479192,14.18926534,4.399901486,2.697447251,14404.80245,2631.324915,High
0.904522613,106.2566735,458.0139079,3000,75.41489346,327.9898993,104.7160743,12.85881132,7.522410202,3.676089349,1.92943088,14480.21734,2644.452845,High
0.909547739,91.42842444,470.0303677,4000,82.87999086,312.6505477,94.28381912,13.2205078,12.55041929,2.849182244,1.793615879,14563.09733,2661.646063,High
0.914572864,89.29107502,393.8052138,3500,78.17468342,312.1685278,97.90124498,13.59142458,9.605394973,2.647062166,1.576068526,14641.27202,2675.474588,High
0.91959799,104.8247242,473.7122489,2500,70.50772711,321.4502104,105.389908,14.5222385,13.41998553,3.603893869,1.292366469,14711.77974,2693.790834,High
0.924623116,97.76537215,462.0433669,3500,73.12305195,315.072499,92.5735323,15.17437281,12.28490677,3.181727478,1.586489902,14784.9028,2710.843958,High
0.929648241,107.1400049,507.5196893,3500,84.31944458,325.723378,98.0378095,16.41617824,12.76447446,1.249092424,2.434699139,14869.22224,2727.292224,High
0.934673367,104.7323762,517.0877988,3000,83.17847884,330.2556247,92.38495376,13.3038026,11.56161838,3.050010595,2.004808578,14952.40072,2743.908662,High
0.939698492,99.27171087,593.808542,3500,70.54191985,345.950664,90.59241508,11.7979614,6.774287695,4.225614469,2.731308225,15022.94264,2757.639872,High
0.944723618,91.53206282,547.5211919,2000,74.43944324,280.5242603,95.38708095,19.31148633,10.45026919,2.83695951,1.608450036,15097.38208,2772.535551,High
0.949748744,84.85152775,471.1548172,3000,74.62149593,314.4168632,89.49965239,12.73709396,14.8466974,1.20782631,2.017723947,15172.00358,2790.607799,High
0.954773869,95.53485048,455.0792664,2000,83.43785487,288.8902989,93.95267222,16.67264745,14.37388066,4.145112798,2.078268883,15255.44143,2811.205061,High
0.959798995,108.5639879,524.5959586,2500,70.39421076,274.9932304,86.72036108,15.06253375,5.431737358,1.805455129,1.979242906,15325.83564,2820.421496,High
0.964824121,102.1409374,433.9883396,3000,72.08217164,279.3137904,93.4800449,15.50261128,6.648148157,2.03448334,2.256584433,15397.91782,2831.360712,High
0.969849246,87.54261221,591.5729383,2500,85.99832171,314.8486655,98.58712235,14.99689899,6.317287735,1.658825414,1.093583671,15483.91614,2840.430409,High
0.974874372,101.7318093,558.972006,3000,73.57089324,312.5475766,90.28989171,14.23031624,12.2597991,2.320860259,1.780909444,15557.48703,2856.791978,High
0.979899497,103.8531738,476.5412174,4000,83.05492216,312.0123609,95.07433402,15.92794457,13.1778533,4.027006023,0.760562007,15640.54195,2874.757399,High
0.984924623,91.16142564,414.3432735,3500,74.76365562,293.2285906,96.11474075,14.12282559,7.135113663,3.077543438,1.461278319,15715.30561,2886.431335,High
0.989949749,101.5372511,567.6936187,4000,71.98882786,300.1024425,98.62027913,17.33260549,10.05852693,1.819525097,1.719167672,15787.29444,2900.028554,High
0.994974874,100.5820872,494.2730077,2500,74.86344382,324.5325809,93.93136127,16.13688201,13.40703028,4.511320313,2.130560649,15862.15788,2920.077466,High
1,88.57029702,561.8908156,3500,84.44533864,255.3182082,103.6869307,16.19918823,12.32801545,4.51832742,2.876327631,15946.60322,2939.800136,High
